<?xml version="1.0" encoding="UTF-8"?>
<project-private xmlns="http://www.netbeans.org/ns/project-private/1">
    <editor-bookmarks xmlns="http://www.netbeans.org/ns/editor-bookmarks/2" lastBookmarkId="0"/>
    <open-files xmlns="http://www.netbeans.org/ns/projectui-open-files/2">
        <group>
            <file>file:/C:/Users/Bryan%20Alberto/Documents/NetBeansProjects/Escuela/src/FrontEnd/alumnos.java</file>
            <file>file:/C:/Users/Bryan%20Alberto/Documents/NetBeansProjects/Escuela/src/Backend/bd.java</file>
            <file>file:/C:/Users/Bryan%20Alberto/Documents/NetBeansProjects/Escuela/src/FrontEnd/HUD.java</file>
            <file>file:/C:/Users/Bryan%20Alberto/Documents/NetBeansProjects/Escuela/src/FrontEnd/horarioPanel.java</file>
        </group>
    </open-files>
</project-private>
